"","edo","year","sexo","tipo_enfermedad","tasa"
"1","Aguascalientes",2000,"M","trans",72.5
"2","Baja California",2000,"M","trans",115.1
"3","Baja California Sur",2000,"M","trans",91.3
"4","Campeche",2000,"M","trans",64.1
"5","Coahuila",2000,"M","trans",69.3
"6","Colima",2000,"M","trans",72.1
"7","Chiapas",2000,"M","trans",119
"8","Chihuahua",2000,"M","trans",94.6
"9","Distrito Federal",2000,"M","trans",90.7
"10","Durango",2000,"M","trans",50.7
"11","Guanajuato",2000,"M","trans",96.5
"12","Guerrero",2000,"M","trans",69.8
"13","Hidalgo",2000,"M","trans",72
"14","Jalisco",2000,"M","trans",85.1
"15","México",2000,"M","trans",102
"16","Michoacán",2000,"M","trans",70.4
"17","Morelos",2000,"M","trans",86.5
"18","Nayarit",2000,"M","trans",75.4
"19","Nuevo León",2000,"M","trans",68.4
"20","Oaxaca",2000,"M","trans",117.9
"21","Puebla",2000,"M","trans",121.7
"22","Querétaro",2000,"M","trans",86.6
"23","Quintana Roo",2000,"M","trans",79.1
"24","San Luis Potosí",2000,"M","trans",69.8
"25","Sinaloa",2000,"M","trans",56.3
"26","Sonora",2000,"M","trans",87.7
"27","Tabasco",2000,"M","trans",81.5
"28","Tamaulipas",2000,"M","trans",60.9
"29","Tlaxcala",2000,"M","trans",103.4
"30","Veracruz",2000,"M","trans",89.1
"31","Yucatán",2000,"M","trans",85.9
"32","Zacatecas",2000,"M","trans",68.8
"33","Aguascalientes",2001,"M","trans",65.6
"34","Baja California",2001,"M","trans",99.1
"35","Baja California Sur",2001,"M","trans",85.2
"36","Campeche",2001,"M","trans",63.8
"37","Coahuila",2001,"M","trans",65.7
"38","Colima",2001,"M","trans",74.1
"39","Chiapas",2001,"M","trans",121.7
"40","Chihuahua",2001,"M","trans",93.2
"41","Distrito Federal",2001,"M","trans",86.3
"42","Durango",2001,"M","trans",56.7
"43","Guanajuato",2001,"M","trans",78.7
"44","Guerrero",2001,"M","trans",71.5
"45","Hidalgo",2001,"M","trans",65.2
"46","Jalisco",2001,"M","trans",79.9
"47","México",2001,"M","trans",95.4
"48","Michoacán",2001,"M","trans",64.9
"49","Morelos",2001,"M","trans",76.2
"50","Nayarit",2001,"M","trans",74.6
"51","Nuevo León",2001,"M","trans",64.8
"52","Oaxaca",2001,"M","trans",113.5
"53","Puebla",2001,"M","trans",114.3
"54","Querétaro",2001,"M","trans",79.2
"55","Quintana Roo",2001,"M","trans",86.4
"56","San Luis Potosí",2001,"M","trans",73.7
"57","Sinaloa",2001,"M","trans",52
"58","Sonora",2001,"M","trans",83.7
"59","Tabasco",2001,"M","trans",79.3
"60","Tamaulipas",2001,"M","trans",65.6
"61","Tlaxcala",2001,"M","trans",97.2
"62","Veracruz",2001,"M","trans",90.4
"63","Yucatán",2001,"M","trans",92.9
"64","Zacatecas",2001,"M","trans",56.4
"65","Aguascalientes",2002,"M","trans",64.2
"66","Baja California",2002,"M","trans",104.5
"67","Baja California Sur",2002,"M","trans",71.7
"68","Campeche",2002,"M","trans",79.6
"69","Coahuila",2002,"M","trans",75.9
"70","Colima",2002,"M","trans",71.2
"71","Chiapas",2002,"M","trans",114.7
"72","Chihuahua",2002,"M","trans",94.3
"73","Distrito Federal",2002,"M","trans",78
"74","Durango",2002,"M","trans",61.5
"75","Guanajuato",2002,"M","trans",82.5
"76","Guerrero",2002,"M","trans",70
"77","Hidalgo",2002,"M","trans",74.2
"78","Jalisco",2002,"M","trans",81.9
"79","México",2002,"M","trans",89.4
"80","Michoacán",2002,"M","trans",68.5
"81","Morelos",2002,"M","trans",84.7
"82","Nayarit",2002,"M","trans",74.4
"83","Nuevo León",2002,"M","trans",68.9
"84","Oaxaca",2002,"M","trans",116.9
"85","Puebla",2002,"M","trans",112.4
"86","Querétaro",2002,"M","trans",82.4
"87","Quintana Roo",2002,"M","trans",64.4
"88","San Luis Potosí",2002,"M","trans",77.5
"89","Sinaloa",2002,"M","trans",57
"90","Sonora",2002,"M","trans",85.8
"91","Tabasco",2002,"M","trans",83.6
"92","Tamaulipas",2002,"M","trans",58.2
"93","Tlaxcala",2002,"M","trans",92.8
"94","Veracruz",2002,"M","trans",90.7
"95","Yucatán",2002,"M","trans",82.8
"96","Zacatecas",2002,"M","trans",69.1
"97","Aguascalientes",2003,"M","trans",66.6
"98","Baja California",2003,"M","trans",103
"99","Baja California Sur",2003,"M","trans",94.2
"100","Campeche",2003,"M","trans",76
"101","Coahuila",2003,"M","trans",67.2
"102","Colima",2003,"M","trans",68.1
"103","Chiapas",2003,"M","trans",117.2
"104","Chihuahua",2003,"M","trans",99.5
"105","Distrito Federal",2003,"M","trans",81.6
"106","Durango",2003,"M","trans",55
"107","Guanajuato",2003,"M","trans",84.6
"108","Guerrero",2003,"M","trans",67.8
"109","Hidalgo",2003,"M","trans",72.2
"110","Jalisco",2003,"M","trans",82.6
"111","México",2003,"M","trans",87.6
"112","Michoacán",2003,"M","trans",60.4
"113","Morelos",2003,"M","trans",69.5
"114","Nayarit",2003,"M","trans",74.8
"115","Nuevo León",2003,"M","trans",66.4
"116","Oaxaca",2003,"M","trans",114.9
"117","Puebla",2003,"M","trans",100.8
"118","Querétaro",2003,"M","trans",83.7
"119","Quintana Roo",2003,"M","trans",68.6
"120","San Luis Potosí",2003,"M","trans",76.5
"121","Sinaloa",2003,"M","trans",58.6
"122","Sonora",2003,"M","trans",99.2
"123","Tabasco",2003,"M","trans",96.4
"124","Tamaulipas",2003,"M","trans",62.4
"125","Tlaxcala",2003,"M","trans",89.1
"126","Veracruz",2003,"M","trans",93.6
"127","Yucatán",2003,"M","trans",80.5
"128","Zacatecas",2003,"M","trans",71.1
"129","Aguascalientes",2004,"M","trans",65.8
"130","Baja California",2004,"M","trans",102.6
"131","Baja California Sur",2004,"M","trans",87.3
"132","Campeche",2004,"M","trans",76.3
"133","Coahuila",2004,"M","trans",67.8
"134","Colima",2004,"M","trans",64.1
"135","Chiapas",2004,"M","trans",114
"136","Chihuahua",2004,"M","trans",80.2
"137","Distrito Federal",2004,"M","trans",74.7
"138","Durango",2004,"M","trans",56.3
"139","Guanajuato",2004,"M","trans",78.8
"140","Guerrero",2004,"M","trans",74.8
"141","Hidalgo",2004,"M","trans",65.9
"142","Jalisco",2004,"M","trans",77.8
"143","México",2004,"M","trans",84.3
"144","Michoacán",2004,"M","trans",69.4
"145","Morelos",2004,"M","trans",68
"146","Nayarit",2004,"M","trans",65.8
"147","Nuevo León",2004,"M","trans",64.2
"148","Oaxaca",2004,"M","trans",102.9
"149","Puebla",2004,"M","trans",102.2
"150","Querétaro",2004,"M","trans",79.8
"151","Quintana Roo",2004,"M","trans",79.9
"152","San Luis Potosí",2004,"M","trans",69.9
"153","Sinaloa",2004,"M","trans",57.3
"154","Sonora",2004,"M","trans",95.2
"155","Tabasco",2004,"M","trans",85.8
"156","Tamaulipas",2004,"M","trans",63.6
"157","Tlaxcala",2004,"M","trans",84.3
"158","Veracruz",2004,"M","trans",88.5
"159","Yucatán",2004,"M","trans",76.9
"160","Zacatecas",2004,"M","trans",71.1
"161","Aguascalientes",2005,"M","trans",65.5
"162","Baja California",2005,"M","trans",102.6
"163","Baja California Sur",2005,"M","trans",80.9
"164","Campeche",2005,"M","trans",68.8
"165","Coahuila",2005,"M","trans",67.4
"166","Colima",2005,"M","trans",90.3
"167","Chiapas",2005,"M","trans",113.9
"168","Chihuahua",2005,"M","trans",84.1
"169","Distrito Federal",2005,"M","trans",77.2
"170","Durango",2005,"M","trans",64.6
"171","Guanajuato",2005,"M","trans",77.4
"172","Guerrero",2005,"M","trans",70.5
"173","Hidalgo",2005,"M","trans",71
"174","Jalisco",2005,"M","trans",79.8
"175","México",2005,"M","trans",83.2
"176","Michoacán",2005,"M","trans",73.1
"177","Morelos",2005,"M","trans",78.3
"178","Nayarit",2005,"M","trans",70.7
"179","Nuevo León",2005,"M","trans",71.2
"180","Oaxaca",2005,"M","trans",98.7
"181","Puebla",2005,"M","trans",100.5
"182","Querétaro",2005,"M","trans",73.4
"183","Quintana Roo",2005,"M","trans",76.3
"184","San Luis Potosí",2005,"M","trans",67.8
"185","Sinaloa",2005,"M","trans",63.6
"186","Sonora",2005,"M","trans",104.6
"187","Tabasco",2005,"M","trans",91.5
"188","Tamaulipas",2005,"M","trans",65
"189","Tlaxcala",2005,"M","trans",86.2
"190","Veracruz",2005,"M","trans",88.7
"191","Yucatán",2005,"M","trans",81.4
"192","Zacatecas",2005,"M","trans",64.9
"193","Aguascalientes",2006,"M","trans",68
"194","Baja California",2006,"M","trans",101.3
"195","Baja California Sur",2006,"M","trans",80.1
"196","Campeche",2006,"M","trans",61.5
"197","Coahuila",2006,"M","trans",64
"198","Colima",2006,"M","trans",76.2
"199","Chiapas",2006,"M","trans",109.1
"200","Chihuahua",2006,"M","trans",91.4
"201","Distrito Federal",2006,"M","trans",79.6
"202","Durango",2006,"M","trans",55
"203","Guanajuato",2006,"M","trans",79.4
"204","Guerrero",2006,"M","trans",65
"205","Hidalgo",2006,"M","trans",72.3
"206","Jalisco",2006,"M","trans",76.1
"207","México",2006,"M","trans",83
"208","Michoacán",2006,"M","trans",63.7
"209","Morelos",2006,"M","trans",75.3
"210","Nayarit",2006,"M","trans",69.1
"211","Nuevo León",2006,"M","trans",74.1
"212","Oaxaca",2006,"M","trans",93.1
"213","Puebla",2006,"M","trans",90.6
"214","Querétaro",2006,"M","trans",71.7
"215","Quintana Roo",2006,"M","trans",75.7
"216","San Luis Potosí",2006,"M","trans",73.8
"217","Sinaloa",2006,"M","trans",65.3
"218","Sonora",2006,"M","trans",95
"219","Tabasco",2006,"M","trans",82
"220","Tamaulipas",2006,"M","trans",72.5
"221","Tlaxcala",2006,"M","trans",69.6
"222","Veracruz",2006,"M","trans",82
"223","Yucatán",2006,"M","trans",88.3
"224","Zacatecas",2006,"M","trans",62.3
"225","Aguascalientes",2007,"M","trans",57.9
"226","Baja California",2007,"M","trans",90.4
"227","Baja California Sur",2007,"M","trans",78.2
"228","Campeche",2007,"M","trans",62.6
"229","Coahuila",2007,"M","trans",65.5
"230","Colima",2007,"M","trans",73.9
"231","Chiapas",2007,"M","trans",108.9
"232","Chihuahua",2007,"M","trans",88.3
"233","Distrito Federal",2007,"M","trans",79.4
"234","Durango",2007,"M","trans",57.6
"235","Guanajuato",2007,"M","trans",70.4
"236","Guerrero",2007,"M","trans",72
"237","Hidalgo",2007,"M","trans",68.4
"238","Jalisco",2007,"M","trans",76
"239","México",2007,"M","trans",79.3
"240","Michoacán",2007,"M","trans",62.6
"241","Morelos",2007,"M","trans",74.4
"242","Nayarit",2007,"M","trans",70.5
"243","Nuevo León",2007,"M","trans",70.3
"244","Oaxaca",2007,"M","trans",97.2
"245","Puebla",2007,"M","trans",91
"246","Querétaro",2007,"M","trans",66.2
"247","Quintana Roo",2007,"M","trans",80
"248","San Luis Potosí",2007,"M","trans",64.4
"249","Sinaloa",2007,"M","trans",58.8
"250","Sonora",2007,"M","trans",82.8
"251","Tabasco",2007,"M","trans",87.2
"252","Tamaulipas",2007,"M","trans",71.2
"253","Tlaxcala",2007,"M","trans",72.8
"254","Veracruz",2007,"M","trans",86.4
"255","Yucatán",2007,"M","trans",84
"256","Zacatecas",2007,"M","trans",62.3
"257","Aguascalientes",2008,"M","trans",60
"258","Baja California",2008,"M","trans",88.2
"259","Baja California Sur",2008,"M","trans",73.3
"260","Campeche",2008,"M","trans",65.6
"261","Coahuila",2008,"M","trans",59.6
"262","Colima",2008,"M","trans",71.4
"263","Chiapas",2008,"M","trans",106.2
"264","Chihuahua",2008,"M","trans",84.5
"265","Distrito Federal",2008,"M","trans",79.9
"266","Durango",2008,"M","trans",63
"267","Guanajuato",2008,"M","trans",68.9
"268","Guerrero",2008,"M","trans",71.6
"269","Hidalgo",2008,"M","trans",63.5
"270","Jalisco",2008,"M","trans",75.6
"271","México",2008,"M","trans",79.1
"272","Michoacán",2008,"M","trans",62.3
"273","Morelos",2008,"M","trans",76.1
"274","Nayarit",2008,"M","trans",82.6
"275","Nuevo León",2008,"M","trans",73
"276","Oaxaca",2008,"M","trans",101
"277","Puebla",2008,"M","trans",87.2
"278","Querétaro",2008,"M","trans",64.9
"279","Quintana Roo",2008,"M","trans",67.2
"280","San Luis Potosí",2008,"M","trans",62.6
"281","Sinaloa",2008,"M","trans",66
"282","Sonora",2008,"M","trans",82.8
"283","Tabasco",2008,"M","trans",76.6
"284","Tamaulipas",2008,"M","trans",70.3
"285","Tlaxcala",2008,"M","trans",60.4
"286","Veracruz",2008,"M","trans",91.6
"287","Yucatán",2008,"M","trans",82.7
"288","Zacatecas",2008,"M","trans",64.8
"289","Aguascalientes",2000,"F","trans",54.8
"290","Baja California",2000,"F","trans",63.9
"291","Baja California Sur",2000,"F","trans",61.5
"292","Campeche",2000,"F","trans",44.9
"293","Coahuila",2000,"F","trans",51.7
"294","Colima",2000,"F","trans",51
"295","Chiapas",2000,"F","trans",98.2
"296","Chihuahua",2000,"F","trans",63.2
"297","Distrito Federal",2000,"F","trans",60.2
"298","Durango",2000,"F","trans",40
"299","Guanajuato",2000,"F","trans",72.7
"300","Guerrero",2000,"F","trans",55.9
"301","Hidalgo",2000,"F","trans",56.6
"302","Jalisco",2000,"F","trans",64.4
"303","México",2000,"F","trans",76.9
"304","Michoacán",2000,"F","trans",49.7
"305","Morelos",2000,"F","trans",58.3
"306","Nayarit",2000,"F","trans",45.7
"307","Nuevo León",2000,"F","trans",46.8
"308","Oaxaca",2000,"F","trans",98
"309","Puebla",2000,"F","trans",101.6
"310","Querétaro",2000,"F","trans",70.3
"311","Quintana Roo",2000,"F","trans",61.8
"312","San Luis Potosí",2000,"F","trans",59.9
"313","Sinaloa",2000,"F","trans",38.6
"314","Sonora",2000,"F","trans",60.8
"315","Tabasco",2000,"F","trans",55.4
"316","Tamaulipas",2000,"F","trans",48.2
"317","Tlaxcala",2000,"F","trans",71.2
"318","Veracruz",2000,"F","trans",63.5
"319","Yucatán",2000,"F","trans",66
"320","Zacatecas",2000,"F","trans",52.4
"321","Aguascalientes",2001,"F","trans",53.2
"322","Baja California",2001,"F","trans",56.9
"323","Baja California Sur",2001,"F","trans",59.8
"324","Campeche",2001,"F","trans",45.5
"325","Coahuila",2001,"F","trans",58
"326","Colima",2001,"F","trans",53.9
"327","Chiapas",2001,"F","trans",106
"328","Chihuahua",2001,"F","trans",66.6
"329","Distrito Federal",2001,"F","trans",59.1
"330","Durango",2001,"F","trans",36.4
"331","Guanajuato",2001,"F","trans",61.7
"332","Guerrero",2001,"F","trans",56.8
"333","Hidalgo",2001,"F","trans",56.3
"334","Jalisco",2001,"F","trans",58.9
"335","México",2001,"F","trans",72.9
"336","Michoacán",2001,"F","trans",51.4
"337","Morelos",2001,"F","trans",59.6
"338","Nayarit",2001,"F","trans",52.8
"339","Nuevo León",2001,"F","trans",46.6
"340","Oaxaca",2001,"F","trans",93.5
"341","Puebla",2001,"F","trans",85.4
"342","Querétaro",2001,"F","trans",61.6
"343","Quintana Roo",2001,"F","trans",56.4
"344","San Luis Potosí",2001,"F","trans",58.2
"345","Sinaloa",2001,"F","trans",37.4
"346","Sonora",2001,"F","trans",59.5
"347","Tabasco",2001,"F","trans",62.3
"348","Tamaulipas",2001,"F","trans",42.2
"349","Tlaxcala",2001,"F","trans",76.5
"350","Veracruz",2001,"F","trans",63.7
"351","Yucatán",2001,"F","trans",65.8
"352","Zacatecas",2001,"F","trans",55.2
"353","Aguascalientes",2002,"F","trans",52.9
"354","Baja California",2002,"F","trans",56.9
"355","Baja California Sur",2002,"F","trans",55.1
"356","Campeche",2002,"F","trans",56.8
"357","Coahuila",2002,"F","trans",51.2
"358","Colima",2002,"F","trans",54.9
"359","Chiapas",2002,"F","trans",93.6
"360","Chihuahua",2002,"F","trans",70.9
"361","Distrito Federal",2002,"F","trans",58.7
"362","Durango",2002,"F","trans",40.9
"363","Guanajuato",2002,"F","trans",66.7
"364","Guerrero",2002,"F","trans",52.7
"365","Hidalgo",2002,"F","trans",55.9
"366","Jalisco",2002,"F","trans",61.4
"367","México",2002,"F","trans",70.6
"368","Michoacán",2002,"F","trans",52.7
"369","Morelos",2002,"F","trans",62.1
"370","Nayarit",2002,"F","trans",53.8
"371","Nuevo León",2002,"F","trans",42.2
"372","Oaxaca",2002,"F","trans",98.6
"373","Puebla",2002,"F","trans",89.3
"374","Querétaro",2002,"F","trans",66.8
"375","Quintana Roo",2002,"F","trans",43.2
"376","San Luis Potosí",2002,"F","trans",64.9
"377","Sinaloa",2002,"F","trans",43.9
"378","Sonora",2002,"F","trans",64.2
"379","Tabasco",2002,"F","trans",58.2
"380","Tamaulipas",2002,"F","trans",39.1
"381","Tlaxcala",2002,"F","trans",77
"382","Veracruz",2002,"F","trans",63.4
"383","Yucatán",2002,"F","trans",64.3
"384","Zacatecas",2002,"F","trans",62.5
"385","Aguascalientes",2003,"F","trans",56.9
"386","Baja California",2003,"F","trans",60.5
"387","Baja California Sur",2003,"F","trans",73.6
"388","Campeche",2003,"F","trans",55.8
"389","Coahuila",2003,"F","trans",52.7
"390","Colima",2003,"F","trans",47.2
"391","Chiapas",2003,"F","trans",98.9
"392","Chihuahua",2003,"F","trans",71.9
"393","Distrito Federal",2003,"F","trans",55.2
"394","Durango",2003,"F","trans",41.1
"395","Guanajuato",2003,"F","trans",65.4
"396","Guerrero",2003,"F","trans",54.6
"397","Hidalgo",2003,"F","trans",49.5
"398","Jalisco",2003,"F","trans",62.6
"399","México",2003,"F","trans",68.1
"400","Michoacán",2003,"F","trans",46.8
"401","Morelos",2003,"F","trans",53.4
"402","Nayarit",2003,"F","trans",56.4
"403","Nuevo León",2003,"F","trans",43.4
"404","Oaxaca",2003,"F","trans",95.5
"405","Puebla",2003,"F","trans",82.8
"406","Querétaro",2003,"F","trans",70.7
"407","Quintana Roo",2003,"F","trans",55.4
"408","San Luis Potosí",2003,"F","trans",64.8
"409","Sinaloa",2003,"F","trans",44.4
"410","Sonora",2003,"F","trans",70.3
"411","Tabasco",2003,"F","trans",65.9
"412","Tamaulipas",2003,"F","trans",39.7
"413","Tlaxcala",2003,"F","trans",66.7
"414","Veracruz",2003,"F","trans",63.7
"415","Yucatán",2003,"F","trans",58.7
"416","Zacatecas",2003,"F","trans",65.2
"417","Aguascalientes",2004,"F","trans",51
"418","Baja California",2004,"F","trans",64.6
"419","Baja California Sur",2004,"F","trans",64.9
"420","Campeche",2004,"F","trans",54.4
"421","Coahuila",2004,"F","trans",48.2
"422","Colima",2004,"F","trans",53.5
"423","Chiapas",2004,"F","trans",100.6
"424","Chihuahua",2004,"F","trans",59.8
"425","Distrito Federal",2004,"F","trans",55.7
"426","Durango",2004,"F","trans",40.9
"427","Guanajuato",2004,"F","trans",57.2
"428","Guerrero",2004,"F","trans",56.4
"429","Hidalgo",2004,"F","trans",55.2
"430","Jalisco",2004,"F","trans",61
"431","México",2004,"F","trans",66.8
"432","Michoacán",2004,"F","trans",50.9
"433","Morelos",2004,"F","trans",54.6
"434","Nayarit",2004,"F","trans",54.2
"435","Nuevo León",2004,"F","trans",41.3
"436","Oaxaca",2004,"F","trans",88.5
"437","Puebla",2004,"F","trans",78.7
"438","Querétaro",2004,"F","trans",59.3
"439","Quintana Roo",2004,"F","trans",58.8
"440","San Luis Potosí",2004,"F","trans",56.7
"441","Sinaloa",2004,"F","trans",40.5
"442","Sonora",2004,"F","trans",68.2
"443","Tabasco",2004,"F","trans",53.9
"444","Tamaulipas",2004,"F","trans",45.4
"445","Tlaxcala",2004,"F","trans",66
"446","Veracruz",2004,"F","trans",63.4
"447","Yucatán",2004,"F","trans",63.2
"448","Zacatecas",2004,"F","trans",50.2
"449","Aguascalientes",2005,"F","trans",56.5
"450","Baja California",2005,"F","trans",63.2
"451","Baja California Sur",2005,"F","trans",72.5
"452","Campeche",2005,"F","trans",57.7
"453","Coahuila",2005,"F","trans",50.4
"454","Colima",2005,"F","trans",50
"455","Chiapas",2005,"F","trans",99
"456","Chihuahua",2005,"F","trans",64.5
"457","Distrito Federal",2005,"F","trans",56.1
"458","Durango",2005,"F","trans",50.6
"459","Guanajuato",2005,"F","trans",64.2
"460","Guerrero",2005,"F","trans",53.3
"461","Hidalgo",2005,"F","trans",57
"462","Jalisco",2005,"F","trans",64.5
"463","México",2005,"F","trans",68.9
"464","Michoacán",2005,"F","trans",51.9
"465","Morelos",2005,"F","trans",56.4
"466","Nayarit",2005,"F","trans",52
"467","Nuevo León",2005,"F","trans",43.8
"468","Oaxaca",2005,"F","trans",82.8
"469","Puebla",2005,"F","trans",82.2
"470","Querétaro",2005,"F","trans",59.8
"471","Quintana Roo",2005,"F","trans",57.4
"472","San Luis Potosí",2005,"F","trans",57.8
"473","Sinaloa",2005,"F","trans",47
"474","Sonora",2005,"F","trans",69.1
"475","Tabasco",2005,"F","trans",60
"476","Tamaulipas",2005,"F","trans",44.8
"477","Tlaxcala",2005,"F","trans",72.7
"478","Veracruz",2005,"F","trans",63
"479","Yucatán",2005,"F","trans",55.8
"480","Zacatecas",2005,"F","trans",51.6
"481","Aguascalientes",2006,"F","trans",49.3
"482","Baja California",2006,"F","trans",60.9
"483","Baja California Sur",2006,"F","trans",63.1
"484","Campeche",2006,"F","trans",47.7
"485","Coahuila",2006,"F","trans",52.8
"486","Colima",2006,"F","trans",50.3
"487","Chiapas",2006,"F","trans",88.8
"488","Chihuahua",2006,"F","trans",69.2
"489","Distrito Federal",2006,"F","trans",57.9
"490","Durango",2006,"F","trans",43.6
"491","Guanajuato",2006,"F","trans",60.8
"492","Guerrero",2006,"F","trans",53.5
"493","Hidalgo",2006,"F","trans",57.3
"494","Jalisco",2006,"F","trans",57.3
"495","México",2006,"F","trans",64.1
"496","Michoacán",2006,"F","trans",48.2
"497","Morelos",2006,"F","trans",57.6
"498","Nayarit",2006,"F","trans",51.7
"499","Nuevo León",2006,"F","trans",48.2
"500","Oaxaca",2006,"F","trans",70.8
"501","Puebla",2006,"F","trans",69.9
"502","Querétaro",2006,"F","trans",56.4
"503","Quintana Roo",2006,"F","trans",52.2
"504","San Luis Potosí",2006,"F","trans",55
"505","Sinaloa",2006,"F","trans",48.7
"506","Sonora",2006,"F","trans",65.9
"507","Tabasco",2006,"F","trans",62
"508","Tamaulipas",2006,"F","trans",48.3
"509","Tlaxcala",2006,"F","trans",60.7
"510","Veracruz",2006,"F","trans",56.8
"511","Yucatán",2006,"F","trans",65.5
"512","Zacatecas",2006,"F","trans",51.1
"513","Aguascalientes",2007,"F","trans",48.8
"514","Baja California",2007,"F","trans",58.1
"515","Baja California Sur",2007,"F","trans",57.5
"516","Campeche",2007,"F","trans",48.3
"517","Coahuila",2007,"F","trans",48.9
"518","Colima",2007,"F","trans",58.5
"519","Chiapas",2007,"F","trans",89
"520","Chihuahua",2007,"F","trans",64.3
"521","Distrito Federal",2007,"F","trans",58.3
"522","Durango",2007,"F","trans",48.8
"523","Guanajuato",2007,"F","trans",55.4
"524","Guerrero",2007,"F","trans",56.1
"525","Hidalgo",2007,"F","trans",54.4
"526","Jalisco",2007,"F","trans",59
"527","México",2007,"F","trans",63.7
"528","Michoacán",2007,"F","trans",48.5
"529","Morelos",2007,"F","trans",54.4
"530","Nayarit",2007,"F","trans",49.7
"531","Nuevo León",2007,"F","trans",46.6
"532","Oaxaca",2007,"F","trans",82.4
"533","Puebla",2007,"F","trans",70.1
"534","Querétaro",2007,"F","trans",49.8
"535","Quintana Roo",2007,"F","trans",49.9
"536","San Luis Potosí",2007,"F","trans",53.2
"537","Sinaloa",2007,"F","trans",44.4
"538","Sonora",2007,"F","trans",52.6
"539","Tabasco",2007,"F","trans",58.4
"540","Tamaulipas",2007,"F","trans",46.6
"541","Tlaxcala",2007,"F","trans",55.1
"542","Veracruz",2007,"F","trans",62.7
"543","Yucatán",2007,"F","trans",60.6
"544","Zacatecas",2007,"F","trans",50.6
"545","Aguascalientes",2008,"F","trans",48.6
"546","Baja California",2008,"F","trans",55.2
"547","Baja California Sur",2008,"F","trans",55.1
"548","Campeche",2008,"F","trans",50.6
"549","Coahuila",2008,"F","trans",47.7
"550","Colima",2008,"F","trans",47.7
"551","Chiapas",2008,"F","trans",87.9
"552","Chihuahua",2008,"F","trans",67.3
"553","Distrito Federal",2008,"F","trans",53.3
"554","Durango",2008,"F","trans",48.7
"555","Guanajuato",2008,"F","trans",54.6
"556","Guerrero",2008,"F","trans",56
"557","Hidalgo",2008,"F","trans",52
"558","Jalisco",2008,"F","trans",62
"559","México",2008,"F","trans",63
"560","Michoacán",2008,"F","trans",48.4
"561","Morelos",2008,"F","trans",56.9
"562","Nayarit",2008,"F","trans",55.6
"563","Nuevo León",2008,"F","trans",49.8
"564","Oaxaca",2008,"F","trans",78.2
"565","Puebla",2008,"F","trans",67.1
"566","Querétaro",2008,"F","trans",53.6
"567","Quintana Roo",2008,"F","trans",53.3
"568","San Luis Potosí",2008,"F","trans",48.2
"569","Sinaloa",2008,"F","trans",48.4
"570","Sonora",2008,"F","trans",60.1
"571","Tabasco",2008,"F","trans",52.8
"572","Tamaulipas",2008,"F","trans",46.1
"573","Tlaxcala",2008,"F","trans",52.6
"574","Veracruz",2008,"F","trans",64.7
"575","Yucatán",2008,"F","trans",60
"576","Zacatecas",2008,"F","trans",52.6
"577","Aguascalientes",2000,"M","noTrans",539.6
"578","Baja California",2000,"M","noTrans",717.9
"579","Baja California Sur",2000,"M","noTrans",596.6
"580","Campeche",2000,"M","noTrans",430.6
"581","Coahuila",2000,"M","noTrans",638.4
"582","Colima",2000,"M","noTrans",564.5
"583","Chiapas",2000,"M","noTrans",432
"584","Chihuahua",2000,"M","noTrans",666.7
"585","Distrito Federal",2000,"M","noTrans",633.2
"586","Durango",2000,"M","noTrans",507.8
"587","Guanajuato",2000,"M","noTrans",544.4
"588","Guerrero",2000,"M","noTrans",362.2
"589","Hidalgo",2000,"M","noTrans",477
"590","Jalisco",2000,"M","noTrans",572.3
"591","México",2000,"M","noTrans",593.2
"592","Michoacán",2000,"M","noTrans",497.6
"593","Morelos",2000,"M","noTrans",503.9
"594","Nayarit",2000,"M","noTrans",470.2
"595","Nuevo León",2000,"M","noTrans",589.1
"596","Oaxaca",2000,"M","noTrans",478.6
"597","Puebla",2000,"M","noTrans",576.3
"598","Querétaro",2000,"M","noTrans",591.9
"599","Quintana Roo",2000,"M","noTrans",406.9
"600","San Luis Potosí",2000,"M","noTrans",482.2
"601","Sinaloa",2000,"M","noTrans",528.2
"602","Sonora",2000,"M","noTrans",654.5
"603","Tabasco",2000,"M","noTrans",491
"604","Tamaulipas",2000,"M","noTrans",556.2
"605","Tlaxcala",2000,"M","noTrans",482.2
"606","Veracruz",2000,"M","noTrans",545.1
"607","Yucatán",2000,"M","noTrans",487.4
"608","Zacatecas",2000,"M","noTrans",483.9
"609","Aguascalientes",2001,"M","noTrans",543.9
"610","Baja California",2001,"M","noTrans",661.6
"611","Baja California Sur",2001,"M","noTrans",623.3
"612","Campeche",2001,"M","noTrans",448.5
"613","Coahuila",2001,"M","noTrans",640.9
"614","Colima",2001,"M","noTrans",544.4
"615","Chiapas",2001,"M","noTrans",437.4
"616","Chihuahua",2001,"M","noTrans",655.7
"617","Distrito Federal",2001,"M","noTrans",631.7
"618","Durango",2001,"M","noTrans",507.6
"619","Guanajuato",2001,"M","noTrans",513.9
"620","Guerrero",2001,"M","noTrans",380.7
"621","Hidalgo",2001,"M","noTrans",518.3
"622","Jalisco",2001,"M","noTrans",561.7
"623","México",2001,"M","noTrans",594.7
"624","Michoacán",2001,"M","noTrans",490.3
"625","Morelos",2001,"M","noTrans",500.5
"626","Nayarit",2001,"M","noTrans",458.7
"627","Nuevo León",2001,"M","noTrans",588.1
"628","Oaxaca",2001,"M","noTrans",466.8
"629","Puebla",2001,"M","noTrans",573.9
"630","Querétaro",2001,"M","noTrans",575.5
"631","Quintana Roo",2001,"M","noTrans",430.6
"632","San Luis Potosí",2001,"M","noTrans",457.7
"633","Sinaloa",2001,"M","noTrans",517.8
"634","Sonora",2001,"M","noTrans",661.1
"635","Tabasco",2001,"M","noTrans",516.2
"636","Tamaulipas",2001,"M","noTrans",564.5
"637","Tlaxcala",2001,"M","noTrans",497.6
"638","Veracruz",2001,"M","noTrans",561.5
"639","Yucatán",2001,"M","noTrans",502.6
"640","Zacatecas",2001,"M","noTrans",474.8
"641","Aguascalientes",2002,"M","noTrans",588.5
"642","Baja California",2002,"M","noTrans",658.1
"643","Baja California Sur",2002,"M","noTrans",598.3
"644","Campeche",2002,"M","noTrans",459.4
"645","Coahuila",2002,"M","noTrans",637.9
"646","Colima",2002,"M","noTrans",563.4
"647","Chiapas",2002,"M","noTrans",463.9
"648","Chihuahua",2002,"M","noTrans",661
"649","Distrito Federal",2002,"M","noTrans",625.3
"650","Durango",2002,"M","noTrans",531.6
"651","Guanajuato",2002,"M","noTrans",556.3
"652","Guerrero",2002,"M","noTrans",376.8
"653","Hidalgo",2002,"M","noTrans",548.1
"654","Jalisco",2002,"M","noTrans",587.8
"655","México",2002,"M","noTrans",592.9
"656","Michoacán",2002,"M","noTrans",505.3
"657","Morelos",2002,"M","noTrans",521
"658","Nayarit",2002,"M","noTrans",505.8
"659","Nuevo León",2002,"M","noTrans",602.9
"660","Oaxaca",2002,"M","noTrans",485.3
"661","Puebla",2002,"M","noTrans",589.2
"662","Querétaro",2002,"M","noTrans",595.5
"663","Quintana Roo",2002,"M","noTrans",439
"664","San Luis Potosí",2002,"M","noTrans",472.8
"665","Sinaloa",2002,"M","noTrans",543
"666","Sonora",2002,"M","noTrans",666.9
"667","Tabasco",2002,"M","noTrans",530.4
"668","Tamaulipas",2002,"M","noTrans",573.2
"669","Tlaxcala",2002,"M","noTrans",505.9
"670","Veracruz",2002,"M","noTrans",574.7
"671","Yucatán",2002,"M","noTrans",509.1
"672","Zacatecas",2002,"M","noTrans",491.1
"673","Aguascalientes",2003,"M","noTrans",587.5
"674","Baja California",2003,"M","noTrans",677.3
"675","Baja California Sur",2003,"M","noTrans",612.6
"676","Campeche",2003,"M","noTrans",476.7
"677","Coahuila",2003,"M","noTrans",660.9
"678","Colima",2003,"M","noTrans",516.3
"679","Chiapas",2003,"M","noTrans",468.1
"680","Chihuahua",2003,"M","noTrans",679.2
"681","Distrito Federal",2003,"M","noTrans",636
"682","Durango",2003,"M","noTrans",544.2
"683","Guanajuato",2003,"M","noTrans",558.4
"684","Guerrero",2003,"M","noTrans",397.1
"685","Hidalgo",2003,"M","noTrans",526.2
"686","Jalisco",2003,"M","noTrans",587.3
"687","México",2003,"M","noTrans",599.2
"688","Michoacán",2003,"M","noTrans",510.9
"689","Morelos",2003,"M","noTrans",507.7
"690","Nayarit",2003,"M","noTrans",490.6
"691","Nuevo León",2003,"M","noTrans",590.3
"692","Oaxaca",2003,"M","noTrans",483.9
"693","Puebla",2003,"M","noTrans",592.3
"694","Querétaro",2003,"M","noTrans",591.1
"695","Quintana Roo",2003,"M","noTrans",470
"696","San Luis Potosí",2003,"M","noTrans",500.6
"697","Sinaloa",2003,"M","noTrans",540.8
"698","Sonora",2003,"M","noTrans",671.6
"699","Tabasco",2003,"M","noTrans",558.8
"700","Tamaulipas",2003,"M","noTrans",573
"701","Tlaxcala",2003,"M","noTrans",480.7
"702","Veracruz",2003,"M","noTrans",594.9
"703","Yucatán",2003,"M","noTrans",540.6
"704","Zacatecas",2003,"M","noTrans",486.6
"705","Aguascalientes",2004,"M","noTrans",572
"706","Baja California",2004,"M","noTrans",660.8
"707","Baja California Sur",2004,"M","noTrans",579.8
"708","Campeche",2004,"M","noTrans",491.7
"709","Coahuila",2004,"M","noTrans",629.1
"710","Colima",2004,"M","noTrans",527.6
"711","Chiapas",2004,"M","noTrans",456.4
"712","Chihuahua",2004,"M","noTrans",627
"713","Distrito Federal",2004,"M","noTrans",636.6
"714","Durango",2004,"M","noTrans",520.7
"715","Guanajuato",2004,"M","noTrans",547.8
"716","Guerrero",2004,"M","noTrans",395.3
"717","Hidalgo",2004,"M","noTrans",542.1
"718","Jalisco",2004,"M","noTrans",570.2
"719","México",2004,"M","noTrans",589.1
"720","Michoacán",2004,"M","noTrans",516.7
"721","Morelos",2004,"M","noTrans",524.7
"722","Nayarit",2004,"M","noTrans",489
"723","Nuevo León",2004,"M","noTrans",586.7
"724","Oaxaca",2004,"M","noTrans",493.6
"725","Puebla",2004,"M","noTrans",589
"726","Querétaro",2004,"M","noTrans",558.3
"727","Quintana Roo",2004,"M","noTrans",454.6
"728","San Luis Potosí",2004,"M","noTrans",502.1
"729","Sinaloa",2004,"M","noTrans",519.3
"730","Sonora",2004,"M","noTrans",636.4
"731","Tabasco",2004,"M","noTrans",560.9
"732","Tamaulipas",2004,"M","noTrans",569.8
"733","Tlaxcala",2004,"M","noTrans",524.8
"734","Veracruz",2004,"M","noTrans",583.2
"735","Yucatán",2004,"M","noTrans",485.4
"736","Zacatecas",2004,"M","noTrans",506.7
"737","Aguascalientes",2005,"M","noTrans",565.1
"738","Baja California",2005,"M","noTrans",634.7
"739","Baja California Sur",2005,"M","noTrans",601.8
"740","Campeche",2005,"M","noTrans",505.9
"741","Coahuila",2005,"M","noTrans",682.4
"742","Colima",2005,"M","noTrans",573.3
"743","Chiapas",2005,"M","noTrans",468.6
"744","Chihuahua",2005,"M","noTrans",658.6
"745","Distrito Federal",2005,"M","noTrans",634.4
"746","Durango",2005,"M","noTrans",590.3
"747","Guanajuato",2005,"M","noTrans",576.3
"748","Guerrero",2005,"M","noTrans",396.4
"749","Hidalgo",2005,"M","noTrans",555.6
"750","Jalisco",2005,"M","noTrans",589.3
"751","México",2005,"M","noTrans",588.5
"752","Michoacán",2005,"M","noTrans",518.8
"753","Morelos",2005,"M","noTrans",522.2
"754","Nayarit",2005,"M","noTrans",521.6
"755","Nuevo León",2005,"M","noTrans",633.3
"756","Oaxaca",2005,"M","noTrans",521.1
"757","Puebla",2005,"M","noTrans",599.2
"758","Querétaro",2005,"M","noTrans",580.8
"759","Quintana Roo",2005,"M","noTrans",466.8
"760","San Luis Potosí",2005,"M","noTrans",500
"761","Sinaloa",2005,"M","noTrans",529.3
"762","Sonora",2005,"M","noTrans",656.9
"763","Tabasco",2005,"M","noTrans",566.6
"764","Tamaulipas",2005,"M","noTrans",568.5
"765","Tlaxcala",2005,"M","noTrans",482.4
"766","Veracruz",2005,"M","noTrans",595
"767","Yucatán",2005,"M","noTrans",512.9
"768","Zacatecas",2005,"M","noTrans",478.2
"769","Aguascalientes",2006,"M","noTrans",588.9
"770","Baja California",2006,"M","noTrans",600.2
"771","Baja California Sur",2006,"M","noTrans",608.4
"772","Campeche",2006,"M","noTrans",483.6
"773","Coahuila",2006,"M","noTrans",639.5
"774","Colima",2006,"M","noTrans",579
"775","Chiapas",2006,"M","noTrans",483
"776","Chihuahua",2006,"M","noTrans",640.3
"777","Distrito Federal",2006,"M","noTrans",615
"778","Durango",2006,"M","noTrans",592.5
"779","Guanajuato",2006,"M","noTrans",557.5
"780","Guerrero",2006,"M","noTrans",371.4
"781","Hidalgo",2006,"M","noTrans",538.6
"782","Jalisco",2006,"M","noTrans",567.1
"783","México",2006,"M","noTrans",578.2
"784","Michoacán",2006,"M","noTrans",513.8
"785","Morelos",2006,"M","noTrans",513.5
"786","Nayarit",2006,"M","noTrans",502.2
"787","Nuevo León",2006,"M","noTrans",587.8
"788","Oaxaca",2006,"M","noTrans",495.8
"789","Puebla",2006,"M","noTrans",581.4
"790","Querétaro",2006,"M","noTrans",585.7
"791","Quintana Roo",2006,"M","noTrans",435.3
"792","San Luis Potosí",2006,"M","noTrans",492.1
"793","Sinaloa",2006,"M","noTrans",523.8
"794","Sonora",2006,"M","noTrans",630.8
"795","Tabasco",2006,"M","noTrans",558.9
"796","Tamaulipas",2006,"M","noTrans",568
"797","Tlaxcala",2006,"M","noTrans",528.7
"798","Veracruz",2006,"M","noTrans",579.6
"799","Yucatán",2006,"M","noTrans",523.3
"800","Zacatecas",2006,"M","noTrans",482.1
"801","Aguascalientes",2007,"M","noTrans",608.3
"802","Baja California",2007,"M","noTrans",612.8
"803","Baja California Sur",2007,"M","noTrans",596.3
"804","Campeche",2007,"M","noTrans",492.2
"805","Coahuila",2007,"M","noTrans",631.2
"806","Colima",2007,"M","noTrans",574.8
"807","Chiapas",2007,"M","noTrans",499.9
"808","Chihuahua",2007,"M","noTrans",635.5
"809","Distrito Federal",2007,"M","noTrans",610.5
"810","Durango",2007,"M","noTrans",576.1
"811","Guanajuato",2007,"M","noTrans",566.8
"812","Guerrero",2007,"M","noTrans",435.1
"813","Hidalgo",2007,"M","noTrans",555.5
"814","Jalisco",2007,"M","noTrans",571.6
"815","México",2007,"M","noTrans",574.4
"816","Michoacán",2007,"M","noTrans",520.5
"817","Morelos",2007,"M","noTrans",529.6
"818","Nayarit",2007,"M","noTrans",526.7
"819","Nuevo León",2007,"M","noTrans",620.4
"820","Oaxaca",2007,"M","noTrans",510.1
"821","Puebla",2007,"M","noTrans",576.5
"822","Querétaro",2007,"M","noTrans",573.5
"823","Quintana Roo",2007,"M","noTrans",491.5
"824","San Luis Potosí",2007,"M","noTrans",508.5
"825","Sinaloa",2007,"M","noTrans",503.1
"826","Sonora",2007,"M","noTrans",638.7
"827","Tabasco",2007,"M","noTrans",563.9
"828","Tamaulipas",2007,"M","noTrans",580.2
"829","Tlaxcala",2007,"M","noTrans",530.6
"830","Veracruz",2007,"M","noTrans",589.5
"831","Yucatán",2007,"M","noTrans",542.9
"832","Zacatecas",2007,"M","noTrans",493.1
"833","Aguascalientes",2008,"M","noTrans",608.1
"834","Baja California",2008,"M","noTrans",621.8
"835","Baja California Sur",2008,"M","noTrans",594
"836","Campeche",2008,"M","noTrans",544
"837","Coahuila",2008,"M","noTrans",664.7
"838","Colima",2008,"M","noTrans",579.5
"839","Chiapas",2008,"M","noTrans",505.3
"840","Chihuahua",2008,"M","noTrans",644.7
"841","Distrito Federal",2008,"M","noTrans",606.5
"842","Durango",2008,"M","noTrans",619.7
"843","Guanajuato",2008,"M","noTrans",602.6
"844","Guerrero",2008,"M","noTrans",453.2
"845","Hidalgo",2008,"M","noTrans",586.1
"846","Jalisco",2008,"M","noTrans",578.8
"847","México",2008,"M","noTrans",576.7
"848","Michoacán",2008,"M","noTrans",542.5
"849","Morelos",2008,"M","noTrans",553.3
"850","Nayarit",2008,"M","noTrans",532.2
"851","Nuevo León",2008,"M","noTrans",610.7
"852","Oaxaca",2008,"M","noTrans",520
"853","Puebla",2008,"M","noTrans",593.8
"854","Querétaro",2008,"M","noTrans",615.5
"855","Quintana Roo",2008,"M","noTrans",477.3
"856","San Luis Potosí",2008,"M","noTrans",512.5
"857","Sinaloa",2008,"M","noTrans",550.9
"858","Sonora",2008,"M","noTrans",643.9
"859","Tabasco",2008,"M","noTrans",566
"860","Tamaulipas",2008,"M","noTrans",588.3
"861","Tlaxcala",2008,"M","noTrans",529.1
"862","Veracruz",2008,"M","noTrans",608.9
"863","Yucatán",2008,"M","noTrans",542.2
"864","Zacatecas",2008,"M","noTrans",503.8
"865","Aguascalientes",2000,"F","noTrans",416.8
"866","Baja California",2000,"F","noTrans",503.8
"867","Baja California Sur",2000,"F","noTrans",409.9
"868","Campeche",2000,"F","noTrans",391.5
"869","Coahuila",2000,"F","noTrans",500.6
"870","Colima",2000,"F","noTrans",436.4
"871","Chiapas",2000,"F","noTrans",402.6
"872","Chihuahua",2000,"F","noTrans",503.7
"873","Distrito Federal",2000,"F","noTrans",476.8
"874","Durango",2000,"F","noTrans",400.5
"875","Guanajuato",2000,"F","noTrans",420.1
"876","Guerrero",2000,"F","noTrans",282.3
"877","Hidalgo",2000,"F","noTrans",355.2
"878","Jalisco",2000,"F","noTrans",452.6
"879","México",2000,"F","noTrans",466
"880","Michoacán",2000,"F","noTrans",394.1
"881","Morelos",2000,"F","noTrans",396.8
"882","Nayarit",2000,"F","noTrans",389.7
"883","Nuevo León",2000,"F","noTrans",452
"884","Oaxaca",2000,"F","noTrans",367.3
"885","Puebla",2000,"F","noTrans",417.4
"886","Querétaro",2000,"F","noTrans",429.4
"887","Quintana Roo",2000,"F","noTrans",364.7
"888","San Luis Potosí",2000,"F","noTrans",376.3
"889","Sinaloa",2000,"F","noTrans",377.4
"890","Sonora",2000,"F","noTrans",458.4
"891","Tabasco",2000,"F","noTrans",409.2
"892","Tamaulipas",2000,"F","noTrans",431.5
"893","Tlaxcala",2000,"F","noTrans",378.6
"894","Veracruz",2000,"F","noTrans",415.2
"895","Yucatán",2000,"F","noTrans",422.8
"896","Zacatecas",2000,"F","noTrans",382.1
"897","Aguascalientes",2001,"F","noTrans",448.2
"898","Baja California",2001,"F","noTrans",484.4
"899","Baja California Sur",2001,"F","noTrans",417
"900","Campeche",2001,"F","noTrans",363.8
"901","Coahuila",2001,"F","noTrans",510
"902","Colima",2001,"F","noTrans",431.2
"903","Chiapas",2001,"F","noTrans",405.7
"904","Chihuahua",2001,"F","noTrans",519.7
"905","Distrito Federal",2001,"F","noTrans",469.9
"906","Durango",2001,"F","noTrans",409.7
"907","Guanajuato",2001,"F","noTrans",410.4
"908","Guerrero",2001,"F","noTrans",299.2
"909","Hidalgo",2001,"F","noTrans",375.8
"910","Jalisco",2001,"F","noTrans",437.8
"911","México",2001,"F","noTrans",462.8
"912","Michoacán",2001,"F","noTrans",386
"913","Morelos",2001,"F","noTrans",403.4
"914","Nayarit",2001,"F","noTrans",375.5
"915","Nuevo León",2001,"F","noTrans",439.4
"916","Oaxaca",2001,"F","noTrans",367.5
"917","Puebla",2001,"F","noTrans",417.9
"918","Querétaro",2001,"F","noTrans",405.6
"919","Quintana Roo",2001,"F","noTrans",353.8
"920","San Luis Potosí",2001,"F","noTrans",372.3
"921","Sinaloa",2001,"F","noTrans",369
"922","Sonora",2001,"F","noTrans",472.9
"923","Tabasco",2001,"F","noTrans",460
"924","Tamaulipas",2001,"F","noTrans",425.2
"925","Tlaxcala",2001,"F","noTrans",414.8
"926","Veracruz",2001,"F","noTrans",418.2
"927","Yucatán",2001,"F","noTrans",430.6
"928","Zacatecas",2001,"F","noTrans",385.4
"929","Aguascalientes",2002,"F","noTrans",483.3
"930","Baja California",2002,"F","noTrans",474.6
"931","Baja California Sur",2002,"F","noTrans",408.7
"932","Campeche",2002,"F","noTrans",395.4
"933","Coahuila",2002,"F","noTrans",511.8
"934","Colima",2002,"F","noTrans",410
"935","Chiapas",2002,"F","noTrans",406.1
"936","Chihuahua",2002,"F","noTrans",506.4
"937","Distrito Federal",2002,"F","noTrans",464
"938","Durango",2002,"F","noTrans",397.8
"939","Guanajuato",2002,"F","noTrans",445.2
"940","Guerrero",2002,"F","noTrans",296.2
"941","Hidalgo",2002,"F","noTrans",387.9
"942","Jalisco",2002,"F","noTrans",455.5
"943","México",2002,"F","noTrans",466.3
"944","Michoacán",2002,"F","noTrans",407.4
"945","Morelos",2002,"F","noTrans",407.3
"946","Nayarit",2002,"F","noTrans",389.7
"947","Nuevo León",2002,"F","noTrans",447.2
"948","Oaxaca",2002,"F","noTrans",380.6
"949","Puebla",2002,"F","noTrans",420.6
"950","Querétaro",2002,"F","noTrans",411.8
"951","Quintana Roo",2002,"F","noTrans",362.7
"952","San Luis Potosí",2002,"F","noTrans",384.7
"953","Sinaloa",2002,"F","noTrans",387.1
"954","Sonora",2002,"F","noTrans",455.8
"955","Tabasco",2002,"F","noTrans",433.6
"956","Tamaulipas",2002,"F","noTrans",418.4
"957","Tlaxcala",2002,"F","noTrans",406.5
"958","Veracruz",2002,"F","noTrans",416.2
"959","Yucatán",2002,"F","noTrans",439
"960","Zacatecas",2002,"F","noTrans",400.1
"961","Aguascalientes",2003,"F","noTrans",459.1
"962","Baja California",2003,"F","noTrans",461.1
"963","Baja California Sur",2003,"F","noTrans",401.8
"964","Campeche",2003,"F","noTrans",383.4
"965","Coahuila",2003,"F","noTrans",528.7
"966","Colima",2003,"F","noTrans",400.8
"967","Chiapas",2003,"F","noTrans",406.9
"968","Chihuahua",2003,"F","noTrans",508.6
"969","Distrito Federal",2003,"F","noTrans",468
"970","Durango",2003,"F","noTrans",414.3
"971","Guanajuato",2003,"F","noTrans",443.5
"972","Guerrero",2003,"F","noTrans",322.4
"973","Hidalgo",2003,"F","noTrans",384.8
"974","Jalisco",2003,"F","noTrans",450.9
"975","México",2003,"F","noTrans",471.2
"976","Michoacán",2003,"F","noTrans",405.6
"977","Morelos",2003,"F","noTrans",413.9
"978","Nayarit",2003,"F","noTrans",379.3
"979","Nuevo León",2003,"F","noTrans",452
"980","Oaxaca",2003,"F","noTrans",375
"981","Puebla",2003,"F","noTrans",433.5
"982","Querétaro",2003,"F","noTrans",437.4
"983","Quintana Roo",2003,"F","noTrans",375.1
"984","San Luis Potosí",2003,"F","noTrans",406.4
"985","Sinaloa",2003,"F","noTrans",397.4
"986","Sonora",2003,"F","noTrans",476.5
"987","Tabasco",2003,"F","noTrans",459.4
"988","Tamaulipas",2003,"F","noTrans",425.3
"989","Tlaxcala",2003,"F","noTrans",400.9
"990","Veracruz",2003,"F","noTrans",433.2
"991","Yucatán",2003,"F","noTrans",450.2
"992","Zacatecas",2003,"F","noTrans",405.1
"993","Aguascalientes",2004,"F","noTrans",442.8
"994","Baja California",2004,"F","noTrans",473.7
"995","Baja California Sur",2004,"F","noTrans",392.4
"996","Campeche",2004,"F","noTrans",408.8
"997","Coahuila",2004,"F","noTrans",491.5
"998","Colima",2004,"F","noTrans",432
"999","Chiapas",2004,"F","noTrans",406.4
"1000","Chihuahua",2004,"F","noTrans",479.2
"1001","Distrito Federal",2004,"F","noTrans",468.6
"1002","Durango",2004,"F","noTrans",403.1
"1003","Guanajuato",2004,"F","noTrans",432.2
"1004","Guerrero",2004,"F","noTrans",304.5
"1005","Hidalgo",2004,"F","noTrans",392.6
"1006","Jalisco",2004,"F","noTrans",431.6
"1007","México",2004,"F","noTrans",460.2
"1008","Michoacán",2004,"F","noTrans",394.9
"1009","Morelos",2004,"F","noTrans",408.4
"1010","Nayarit",2004,"F","noTrans",386.3
"1011","Nuevo León",2004,"F","noTrans",439.8
"1012","Oaxaca",2004,"F","noTrans",371.9
"1013","Puebla",2004,"F","noTrans",437.5
"1014","Querétaro",2004,"F","noTrans",423.3
"1015","Quintana Roo",2004,"F","noTrans",379.4
"1016","San Luis Potosí",2004,"F","noTrans",387.5
"1017","Sinaloa",2004,"F","noTrans",387.5
"1018","Sonora",2004,"F","noTrans",471.5
"1019","Tabasco",2004,"F","noTrans",435.4
"1020","Tamaulipas",2004,"F","noTrans",426.6
"1021","Tlaxcala",2004,"F","noTrans",426.3
"1022","Veracruz",2004,"F","noTrans",442.4
"1023","Yucatán",2004,"F","noTrans",427.1
"1024","Zacatecas",2004,"F","noTrans",393.3
"1025","Aguascalientes",2005,"F","noTrans",464
"1026","Baja California",2005,"F","noTrans",463.1
"1027","Baja California Sur",2005,"F","noTrans",397.7
"1028","Campeche",2005,"F","noTrans",387.7
"1029","Coahuila",2005,"F","noTrans",538.9
"1030","Colima",2005,"F","noTrans",430
"1031","Chiapas",2005,"F","noTrans",412.3
"1032","Chihuahua",2005,"F","noTrans",508.7
"1033","Distrito Federal",2005,"F","noTrans",460.9
"1034","Durango",2005,"F","noTrans",448.3
"1035","Guanajuato",2005,"F","noTrans",444.3
"1036","Guerrero",2005,"F","noTrans",310.2
"1037","Hidalgo",2005,"F","noTrans",409.3
"1038","Jalisco",2005,"F","noTrans",454.3
"1039","México",2005,"F","noTrans",472.1
"1040","Michoacán",2005,"F","noTrans",404.4
"1041","Morelos",2005,"F","noTrans",414.2
"1042","Nayarit",2005,"F","noTrans",395.4
"1043","Nuevo León",2005,"F","noTrans",461.4
"1044","Oaxaca",2005,"F","noTrans",390.9
"1045","Puebla",2005,"F","noTrans",441.6
"1046","Querétaro",2005,"F","noTrans",441
"1047","Quintana Roo",2005,"F","noTrans",374.6
"1048","San Luis Potosí",2005,"F","noTrans",391.7
"1049","Sinaloa",2005,"F","noTrans",382.1
"1050","Sonora",2005,"F","noTrans",478.6
"1051","Tabasco",2005,"F","noTrans",467.5
"1052","Tamaulipas",2005,"F","noTrans",432.4
"1053","Tlaxcala",2005,"F","noTrans",407.4
"1054","Veracruz",2005,"F","noTrans",445.3
"1055","Yucatán",2005,"F","noTrans",450.5
"1056","Zacatecas",2005,"F","noTrans",422.8
"1057","Aguascalientes",2006,"F","noTrans",437.1
"1058","Baja California",2006,"F","noTrans",454.2
"1059","Baja California Sur",2006,"F","noTrans",425.9
"1060","Campeche",2006,"F","noTrans",422.9
"1061","Coahuila",2006,"F","noTrans",493.2
"1062","Colima",2006,"F","noTrans",424.7
"1063","Chiapas",2006,"F","noTrans",429.5
"1064","Chihuahua",2006,"F","noTrans",504.9
"1065","Distrito Federal",2006,"F","noTrans",445.4
"1066","Durango",2006,"F","noTrans",430.7
"1067","Guanajuato",2006,"F","noTrans",428.8
"1068","Guerrero",2006,"F","noTrans",295.5
"1069","Hidalgo",2006,"F","noTrans",388.8
"1070","Jalisco",2006,"F","noTrans",438
"1071","México",2006,"F","noTrans",452.9
"1072","Michoacán",2006,"F","noTrans",391.2
"1073","Morelos",2006,"F","noTrans",414.3
"1074","Nayarit",2006,"F","noTrans",381.1
"1075","Nuevo León",2006,"F","noTrans",431.3
"1076","Oaxaca",2006,"F","noTrans",374.6
"1077","Puebla",2006,"F","noTrans",433.7
"1078","Querétaro",2006,"F","noTrans",419.9
"1079","Quintana Roo",2006,"F","noTrans",343.2
"1080","San Luis Potosí",2006,"F","noTrans",386.3
"1081","Sinaloa",2006,"F","noTrans",375.5
"1082","Sonora",2006,"F","noTrans",449.3
"1083","Tabasco",2006,"F","noTrans",450.1
"1084","Tamaulipas",2006,"F","noTrans",416.8
"1085","Tlaxcala",2006,"F","noTrans",410.1
"1086","Veracruz",2006,"F","noTrans",436.6
"1087","Yucatán",2006,"F","noTrans",427.5
"1088","Zacatecas",2006,"F","noTrans",393.2
"1089","Aguascalientes",2007,"F","noTrans",439
"1090","Baja California",2007,"F","noTrans",443.3
"1091","Baja California Sur",2007,"F","noTrans",439
"1092","Campeche",2007,"F","noTrans",417.1
"1093","Coahuila",2007,"F","noTrans",519.8
"1094","Colima",2007,"F","noTrans",391.3
"1095","Chiapas",2007,"F","noTrans",437.4
"1096","Chihuahua",2007,"F","noTrans",496.9
"1097","Distrito Federal",2007,"F","noTrans",449.7
"1098","Durango",2007,"F","noTrans",452.5
"1099","Guanajuato",2007,"F","noTrans",433.9
"1100","Guerrero",2007,"F","noTrans",324.5
"1101","Hidalgo",2007,"F","noTrans",421
"1102","Jalisco",2007,"F","noTrans",434
"1103","México",2007,"F","noTrans",457.1
"1104","Michoacán",2007,"F","noTrans",402.3
"1105","Morelos",2007,"F","noTrans",418.8
"1106","Nayarit",2007,"F","noTrans",385.7
"1107","Nuevo León",2007,"F","noTrans",446
"1108","Oaxaca",2007,"F","noTrans",399.6
"1109","Puebla",2007,"F","noTrans",439.1
"1110","Querétaro",2007,"F","noTrans",420.5
"1111","Quintana Roo",2007,"F","noTrans",382.9
"1112","San Luis Potosí",2007,"F","noTrans",397.3
"1113","Sinaloa",2007,"F","noTrans",353.9
"1114","Sonora",2007,"F","noTrans",431.6
"1115","Tabasco",2007,"F","noTrans",449.4
"1116","Tamaulipas",2007,"F","noTrans",427.8
"1117","Tlaxcala",2007,"F","noTrans",414.3
"1118","Veracruz",2007,"F","noTrans",448.5
"1119","Yucatán",2007,"F","noTrans",438.8
"1120","Zacatecas",2007,"F","noTrans",412.2
"1121","Aguascalientes",2008,"F","noTrans",463.8
"1122","Baja California",2008,"F","noTrans",443.3
"1123","Baja California Sur",2008,"F","noTrans",425.5
"1124","Campeche",2008,"F","noTrans",428.3
"1125","Coahuila",2008,"F","noTrans",513.5
"1126","Colima",2008,"F","noTrans",433.5
"1127","Chiapas",2008,"F","noTrans",442.7
"1128","Chihuahua",2008,"F","noTrans",499.7
"1129","Distrito Federal",2008,"F","noTrans",447
"1130","Durango",2008,"F","noTrans",494.8
"1131","Guanajuato",2008,"F","noTrans",444.6
"1132","Guerrero",2008,"F","noTrans",354
"1133","Hidalgo",2008,"F","noTrans",441.5
"1134","Jalisco",2008,"F","noTrans",434.2
"1135","México",2008,"F","noTrans",456.3
"1136","Michoacán",2008,"F","noTrans",415.8
"1137","Morelos",2008,"F","noTrans",440.5
"1138","Nayarit",2008,"F","noTrans",400.4
"1139","Nuevo León",2008,"F","noTrans",441.3
"1140","Oaxaca",2008,"F","noTrans",399.3
"1141","Puebla",2008,"F","noTrans",435.3
"1142","Querétaro",2008,"F","noTrans",452.3
"1143","Quintana Roo",2008,"F","noTrans",387.7
"1144","San Luis Potosí",2008,"F","noTrans",417
"1145","Sinaloa",2008,"F","noTrans",402.5
"1146","Sonora",2008,"F","noTrans",453.6
"1147","Tabasco",2008,"F","noTrans",478.5
"1148","Tamaulipas",2008,"F","noTrans",428.9
"1149","Tlaxcala",2008,"F","noTrans",422.8
"1150","Veracruz",2008,"F","noTrans",450.6
"1151","Yucatán",2008,"F","noTrans",454.1
"1152","Zacatecas",2008,"F","noTrans",427.4
"1153","Aguascalientes",2000,"M","lesiones",82.9
"1154","Baja California",2000,"M","lesiones",135.9
"1155","Baja California Sur",2000,"M","lesiones",95.8
"1156","Campeche",2000,"M","lesiones",105.8
"1157","Coahuila",2000,"M","lesiones",75
"1158","Colima",2000,"M","lesiones",97.2
"1159","Chiapas",2000,"M","lesiones",116.5
"1160","Chihuahua",2000,"M","lesiones",137.1
"1161","Distrito Federal",2000,"M","lesiones",74.3
"1162","Durango",2000,"M","lesiones",89.6
"1163","Guanajuato",2000,"M","lesiones",92.8
"1164","Guerrero",2000,"M","lesiones",140.1
"1165","Hidalgo",2000,"M","lesiones",96.7
"1166","Jalisco",2000,"M","lesiones",98.6
"1167","México",2000,"M","lesiones",94.4
"1168","Michoacán",2000,"M","lesiones",134.7
"1169","Morelos",2000,"M","lesiones",96.4
"1170","Nayarit",2000,"M","lesiones",106.1
"1171","Nuevo León",2000,"M","lesiones",63.9
"1172","Oaxaca",2000,"M","lesiones",122.3
"1173","Puebla",2000,"M","lesiones",98.4
"1174","Querétaro",2000,"M","lesiones",103.8
"1175","Quintana Roo",2000,"M","lesiones",98.6
"1176","San Luis Potosí",2000,"M","lesiones",94.2
"1177","Sinaloa",2000,"M","lesiones",115.4
"1178","Sonora",2000,"M","lesiones",100.4
"1179","Tabasco",2000,"M","lesiones",123.8
"1180","Tamaulipas",2000,"M","lesiones",89.9
"1181","Tlaxcala",2000,"M","lesiones",81.7
"1182","Veracruz",2000,"M","lesiones",86.7
"1183","Yucatán",2000,"M","lesiones",77
"1184","Zacatecas",2000,"M","lesiones",105
"1185","Aguascalientes",2001,"M","lesiones",79.2
"1186","Baja California",2001,"M","lesiones",123.7
"1187","Baja California Sur",2001,"M","lesiones",89
"1188","Campeche",2001,"M","lesiones",82.5
"1189","Coahuila",2001,"M","lesiones",78.7
"1190","Colima",2001,"M","lesiones",97.3
"1191","Chiapas",2001,"M","lesiones",102.8
"1192","Chihuahua",2001,"M","lesiones",132.1
"1193","Distrito Federal",2001,"M","lesiones",74.8
"1194","Durango",2001,"M","lesiones",96.4
"1195","Guanajuato",2001,"M","lesiones",86.1
"1196","Guerrero",2001,"M","lesiones",126.6
"1197","Hidalgo",2001,"M","lesiones",93.3
"1198","Jalisco",2001,"M","lesiones",97.6
"1199","México",2001,"M","lesiones",90.1
"1200","Michoacán",2001,"M","lesiones",127
"1201","Morelos",2001,"M","lesiones",94.6
"1202","Nayarit",2001,"M","lesiones",107.8
"1203","Nuevo León",2001,"M","lesiones",67.2
"1204","Oaxaca",2001,"M","lesiones",121.3
"1205","Puebla",2001,"M","lesiones",90.9
"1206","Querétaro",2001,"M","lesiones",111
"1207","Quintana Roo",2001,"M","lesiones",102.2
"1208","San Luis Potosí",2001,"M","lesiones",91.9
"1209","Sinaloa",2001,"M","lesiones",110
"1210","Sonora",2001,"M","lesiones",106.5
"1211","Tabasco",2001,"M","lesiones",123.7
"1212","Tamaulipas",2001,"M","lesiones",81.1
"1213","Tlaxcala",2001,"M","lesiones",91.9
"1214","Veracruz",2001,"M","lesiones",85.1
"1215","Yucatán",2001,"M","lesiones",69.8
"1216","Zacatecas",2001,"M","lesiones",101.5
"1217","Aguascalientes",2002,"M","lesiones",97.4
"1218","Baja California",2002,"M","lesiones",114.9
"1219","Baja California Sur",2002,"M","lesiones",85.7
"1220","Campeche",2002,"M","lesiones",101.4
"1221","Coahuila",2002,"M","lesiones",77.5
"1222","Colima",2002,"M","lesiones",95.8
"1223","Chiapas",2002,"M","lesiones",106.1
"1224","Chihuahua",2002,"M","lesiones",135.1
"1225","Distrito Federal",2002,"M","lesiones",75
"1226","Durango",2002,"M","lesiones",103.1
"1227","Guanajuato",2002,"M","lesiones",90.1
"1228","Guerrero",2002,"M","lesiones",122.4
"1229","Hidalgo",2002,"M","lesiones",85.9
"1230","Jalisco",2002,"M","lesiones",94.2
"1231","México",2002,"M","lesiones",87.3
"1232","Michoacán",2002,"M","lesiones",118.7
"1233","Morelos",2002,"M","lesiones",88.1
"1234","Nayarit",2002,"M","lesiones",126
"1235","Nuevo León",2002,"M","lesiones",62.3
"1236","Oaxaca",2002,"M","lesiones",117.6
"1237","Puebla",2002,"M","lesiones",90
"1238","Querétaro",2002,"M","lesiones",92.4
"1239","Quintana Roo",2002,"M","lesiones",100.2
"1240","San Luis Potosí",2002,"M","lesiones",91.9
"1241","Sinaloa",2002,"M","lesiones",110
"1242","Sonora",2002,"M","lesiones",95.6
"1243","Tabasco",2002,"M","lesiones",112.6
"1244","Tamaulipas",2002,"M","lesiones",77.8
"1245","Tlaxcala",2002,"M","lesiones",103.1
"1246","Veracruz",2002,"M","lesiones",84.4
"1247","Yucatán",2002,"M","lesiones",88.4
"1248","Zacatecas",2002,"M","lesiones",112.3
"1249","Aguascalientes",2003,"M","lesiones",89.6
"1250","Baja California",2003,"M","lesiones",120.1
"1251","Baja California Sur",2003,"M","lesiones",82.1
"1252","Campeche",2003,"M","lesiones",93.6
"1253","Coahuila",2003,"M","lesiones",71.7
"1254","Colima",2003,"M","lesiones",82.9
"1255","Chiapas",2003,"M","lesiones",96.7
"1256","Chihuahua",2003,"M","lesiones",132.2
"1257","Distrito Federal",2003,"M","lesiones",74.9
"1258","Durango",2003,"M","lesiones",111.6
"1259","Guanajuato",2003,"M","lesiones",88.3
"1260","Guerrero",2003,"M","lesiones",118
"1261","Hidalgo",2003,"M","lesiones",87.1
"1262","Jalisco",2003,"M","lesiones",94.3
"1263","México",2003,"M","lesiones",84.1
"1264","Michoacán",2003,"M","lesiones",120.7
"1265","Morelos",2003,"M","lesiones",89.5
"1266","Nayarit",2003,"M","lesiones",115.1
"1267","Nuevo León",2003,"M","lesiones",66.8
"1268","Oaxaca",2003,"M","lesiones",120.2
"1269","Puebla",2003,"M","lesiones",91.1
"1270","Querétaro",2003,"M","lesiones",87.2
"1271","Quintana Roo",2003,"M","lesiones",92.1
"1272","San Luis Potosí",2003,"M","lesiones",88.7
"1273","Sinaloa",2003,"M","lesiones",103.9
"1274","Sonora",2003,"M","lesiones",91.4
"1275","Tabasco",2003,"M","lesiones",114.3
"1276","Tamaulipas",2003,"M","lesiones",78.2
"1277","Tlaxcala",2003,"M","lesiones",80.6
"1278","Veracruz",2003,"M","lesiones",83.8
"1279","Yucatán",2003,"M","lesiones",78.2
"1280","Zacatecas",2003,"M","lesiones",117.2
"1281","Aguascalientes",2004,"M","lesiones",84
"1282","Baja California",2004,"M","lesiones",114.1
"1283","Baja California Sur",2004,"M","lesiones",84.6
"1284","Campeche",2004,"M","lesiones",78.3
"1285","Coahuila",2004,"M","lesiones",66.9
"1286","Colima",2004,"M","lesiones",90.8
"1287","Chiapas",2004,"M","lesiones",93.4
"1288","Chihuahua",2004,"M","lesiones",126.4
"1289","Distrito Federal",2004,"M","lesiones",67
"1290","Durango",2004,"M","lesiones",101.3
"1291","Guanajuato",2004,"M","lesiones",86.3
"1292","Guerrero",2004,"M","lesiones",115.9
"1293","Hidalgo",2004,"M","lesiones",100
"1294","Jalisco",2004,"M","lesiones",88.9
"1295","México",2004,"M","lesiones",81.8
"1296","Michoacán",2004,"M","lesiones",119.9
"1297","Morelos",2004,"M","lesiones",80.5
"1298","Nayarit",2004,"M","lesiones",109.6
"1299","Nuevo León",2004,"M","lesiones",60.7
"1300","Oaxaca",2004,"M","lesiones",112.3
"1301","Puebla",2004,"M","lesiones",87.5
"1302","Querétaro",2004,"M","lesiones",99.2
"1303","Quintana Roo",2004,"M","lesiones",97.1
"1304","San Luis Potosí",2004,"M","lesiones",88
"1305","Sinaloa",2004,"M","lesiones",106.3
"1306","Sonora",2004,"M","lesiones",98.4
"1307","Tabasco",2004,"M","lesiones",116.7
"1308","Tamaulipas",2004,"M","lesiones",84
"1309","Tlaxcala",2004,"M","lesiones",74.3
"1310","Veracruz",2004,"M","lesiones",78.3
"1311","Yucatán",2004,"M","lesiones",73.9
"1312","Zacatecas",2004,"M","lesiones",107.1
"1313","Aguascalientes",2005,"M","lesiones",82.4
"1314","Baja California",2005,"M","lesiones",112.7
"1315","Baja California Sur",2005,"M","lesiones",101.9
"1316","Campeche",2005,"M","lesiones",90.9
"1317","Coahuila",2005,"M","lesiones",77.4
"1318","Colima",2005,"M","lesiones",79.9
"1319","Chiapas",2005,"M","lesiones",99.3
"1320","Chihuahua",2005,"M","lesiones",124.7
"1321","Distrito Federal",2005,"M","lesiones",65.6
"1322","Durango",2005,"M","lesiones",110.8
"1323","Guanajuato",2005,"M","lesiones",88.9
"1324","Guerrero",2005,"M","lesiones",112.2
"1325","Hidalgo",2005,"M","lesiones",87.2
"1326","Jalisco",2005,"M","lesiones",89.9
"1327","México",2005,"M","lesiones",81.7
"1328","Michoacán",2005,"M","lesiones",132.7
"1329","Morelos",2005,"M","lesiones",80.4
"1330","Nayarit",2005,"M","lesiones",118
"1331","Nuevo León",2005,"M","lesiones",66.4
"1332","Oaxaca",2005,"M","lesiones",114.5
"1333","Puebla",2005,"M","lesiones",82.8
"1334","Querétaro",2005,"M","lesiones",89.7
"1335","Quintana Roo",2005,"M","lesiones",93.7
"1336","San Luis Potosí",2005,"M","lesiones",88.4
"1337","Sinaloa",2005,"M","lesiones",111.7
"1338","Sonora",2005,"M","lesiones",100.6
"1339","Tabasco",2005,"M","lesiones",114.2
"1340","Tamaulipas",2005,"M","lesiones",86.4
"1341","Tlaxcala",2005,"M","lesiones",73.6
"1342","Veracruz",2005,"M","lesiones",77.6
"1343","Yucatán",2005,"M","lesiones",72.6
"1344","Zacatecas",2005,"M","lesiones",115.8
"1345","Aguascalientes",2006,"M","lesiones",79.8
"1346","Baja California",2006,"M","lesiones",106.6
"1347","Baja California Sur",2006,"M","lesiones",91.6
"1348","Campeche",2006,"M","lesiones",86.7
"1349","Coahuila",2006,"M","lesiones",76.8
"1350","Colima",2006,"M","lesiones",83.2
"1351","Chiapas",2006,"M","lesiones",107.6
"1352","Chihuahua",2006,"M","lesiones",139.7
"1353","Distrito Federal",2006,"M","lesiones",64.3
"1354","Durango",2006,"M","lesiones",107.5
"1355","Guanajuato",2006,"M","lesiones",84.3
"1356","Guerrero",2006,"M","lesiones",125.3
"1357","Hidalgo",2006,"M","lesiones",84.7
"1358","Jalisco",2006,"M","lesiones",86.2
"1359","México",2006,"M","lesiones",78.6
"1360","Michoacán",2006,"M","lesiones",152.7
"1361","Morelos",2006,"M","lesiones",83.8
"1362","Nayarit",2006,"M","lesiones",116.5
"1363","Nuevo León",2006,"M","lesiones",62.3
"1364","Oaxaca",2006,"M","lesiones",104.8
"1365","Puebla",2006,"M","lesiones",80.4
"1366","Querétaro",2006,"M","lesiones",85.4
"1367","Quintana Roo",2006,"M","lesiones",86.5
"1368","San Luis Potosí",2006,"M","lesiones",87.5
"1369","Sinaloa",2006,"M","lesiones",115.2
"1370","Sonora",2006,"M","lesiones",103.9
"1371","Tabasco",2006,"M","lesiones",126.4
"1372","Tamaulipas",2006,"M","lesiones",87.4
"1373","Tlaxcala",2006,"M","lesiones",85.7
"1374","Veracruz",2006,"M","lesiones",77.3
"1375","Yucatán",2006,"M","lesiones",71.5
"1376","Zacatecas",2006,"M","lesiones",106.1
"1377","Aguascalientes",2007,"M","lesiones",88.4
"1378","Baja California",2007,"M","lesiones",102
"1379","Baja California Sur",2007,"M","lesiones",114.8
"1380","Campeche",2007,"M","lesiones",83.5
"1381","Coahuila",2007,"M","lesiones",82.5
"1382","Colima",2007,"M","lesiones",85.9
"1383","Chiapas",2007,"M","lesiones",89.1
"1384","Chihuahua",2007,"M","lesiones",124
"1385","Distrito Federal",2007,"M","lesiones",64.2
"1386","Durango",2007,"M","lesiones",123.5
"1387","Guanajuato",2007,"M","lesiones",88.2
"1388","Guerrero",2007,"M","lesiones",145.8
"1389","Hidalgo",2007,"M","lesiones",85.3
"1390","Jalisco",2007,"M","lesiones",88.2
"1391","México",2007,"M","lesiones",75.2
"1392","Michoacán",2007,"M","lesiones",141
"1393","Morelos",2007,"M","lesiones",82.7
"1394","Nayarit",2007,"M","lesiones",119.5
"1395","Nuevo León",2007,"M","lesiones",68.8
"1396","Oaxaca",2007,"M","lesiones",117
"1397","Puebla",2007,"M","lesiones",79
"1398","Querétaro",2007,"M","lesiones",83.7
"1399","Quintana Roo",2007,"M","lesiones",107.5
"1400","San Luis Potosí",2007,"M","lesiones",86.7
"1401","Sinaloa",2007,"M","lesiones",122.7
"1402","Sonora",2007,"M","lesiones",110.1
"1403","Tabasco",2007,"M","lesiones",122.5
"1404","Tamaulipas",2007,"M","lesiones",75.2
"1405","Tlaxcala",2007,"M","lesiones",73.1
"1406","Veracruz",2007,"M","lesiones",83
"1407","Yucatán",2007,"M","lesiones",74.1
"1408","Zacatecas",2007,"M","lesiones",109.1
"1409","Aguascalientes",2008,"M","lesiones",83.9
"1410","Baja California",2008,"M","lesiones",120.6
"1411","Baja California Sur",2008,"M","lesiones",99.6
"1412","Campeche",2008,"M","lesiones",96.9
"1413","Coahuila",2008,"M","lesiones",79.4
"1414","Colima",2008,"M","lesiones",85.2
"1415","Chiapas",2008,"M","lesiones",97
"1416","Chihuahua",2008,"M","lesiones",244.3
"1417","Distrito Federal",2008,"M","lesiones",62.1
"1418","Durango",2008,"M","lesiones",155.1
"1419","Guanajuato",2008,"M","lesiones",90.8
"1420","Guerrero",2008,"M","lesiones",150.5
"1421","Hidalgo",2008,"M","lesiones",93.1
"1422","Jalisco",2008,"M","lesiones",92
"1423","México",2008,"M","lesiones",78.6
"1424","Michoacán",2008,"M","lesiones",140.1
"1425","Morelos",2008,"M","lesiones",89.9
"1426","Nayarit",2008,"M","lesiones",125.3
"1427","Nuevo León",2008,"M","lesiones",65.2
"1428","Oaxaca",2008,"M","lesiones",119.1
"1429","Puebla",2008,"M","lesiones",83.8
"1430","Querétaro",2008,"M","lesiones",84.1
"1431","Quintana Roo",2008,"M","lesiones",106.4
"1432","San Luis Potosí",2008,"M","lesiones",93.7
"1433","Sinaloa",2008,"M","lesiones",155.6
"1434","Sonora",2008,"M","lesiones",110
"1435","Tabasco",2008,"M","lesiones",125.8
"1436","Tamaulipas",2008,"M","lesiones",83.6
"1437","Tlaxcala",2008,"M","lesiones",73.3
"1438","Veracruz",2008,"M","lesiones",85.5
"1439","Yucatán",2008,"M","lesiones",72
"1440","Zacatecas",2008,"M","lesiones",113.9
"1441","Aguascalientes",2000,"F","lesiones",25
"1442","Baja California",2000,"F","lesiones",29.8
"1443","Baja California Sur",2000,"F","lesiones",23.7
"1444","Campeche",2000,"F","lesiones",19.5
"1445","Coahuila",2000,"F","lesiones",18.9
"1446","Colima",2000,"F","lesiones",21.9
"1447","Chiapas",2000,"F","lesiones",21.5
"1448","Chihuahua",2000,"F","lesiones",28.4
"1449","Distrito Federal",2000,"F","lesiones",19.8
"1450","Durango",2000,"F","lesiones",17.1
"1451","Guanajuato",2000,"F","lesiones",23
"1452","Guerrero",2000,"F","lesiones",26.5
"1453","Hidalgo",2000,"F","lesiones",24.3
"1454","Jalisco",2000,"F","lesiones",25.9
"1455","México",2000,"F","lesiones",22.4
"1456","Michoacán",2000,"F","lesiones",27
"1457","Morelos",2000,"F","lesiones",21.6
"1458","Nayarit",2000,"F","lesiones",21.2
"1459","Nuevo León",2000,"F","lesiones",18.7
"1460","Oaxaca",2000,"F","lesiones",22.9
"1461","Puebla",2000,"F","lesiones",21.6
"1462","Querétaro",2000,"F","lesiones",25
"1463","Quintana Roo",2000,"F","lesiones",24.5
"1464","San Luis Potosí",2000,"F","lesiones",21.7
"1465","Sinaloa",2000,"F","lesiones",24.4
"1466","Sonora",2000,"F","lesiones",25.6
"1467","Tabasco",2000,"F","lesiones",23.7
"1468","Tamaulipas",2000,"F","lesiones",22.1
"1469","Tlaxcala",2000,"F","lesiones",26.8
"1470","Veracruz",2000,"F","lesiones",16.8
"1471","Yucatán",2000,"F","lesiones",16.5
"1472","Zacatecas",2000,"F","lesiones",18.1
"1473","Aguascalientes",2001,"F","lesiones",22.2
"1474","Baja California",2001,"F","lesiones",31.5
"1475","Baja California Sur",2001,"F","lesiones",17.5
"1476","Campeche",2001,"F","lesiones",21.7
"1477","Coahuila",2001,"F","lesiones",22.6
"1478","Colima",2001,"F","lesiones",26.8
"1479","Chiapas",2001,"F","lesiones",19.7
"1480","Chihuahua",2001,"F","lesiones",29.9
"1481","Distrito Federal",2001,"F","lesiones",21.6
"1482","Durango",2001,"F","lesiones",19.7
"1483","Guanajuato",2001,"F","lesiones",23.7
"1484","Guerrero",2001,"F","lesiones",25.9
"1485","Hidalgo",2001,"F","lesiones",24.3
"1486","Jalisco",2001,"F","lesiones",24.9
"1487","México",2001,"F","lesiones",24.9
"1488","Michoacán",2001,"F","lesiones",27.8
"1489","Morelos",2001,"F","lesiones",26.4
"1490","Nayarit",2001,"F","lesiones",22.3
"1491","Nuevo León",2001,"F","lesiones",19.3
"1492","Oaxaca",2001,"F","lesiones",22.7
"1493","Puebla",2001,"F","lesiones",22.8
"1494","Querétaro",2001,"F","lesiones",24.3
"1495","Quintana Roo",2001,"F","lesiones",25.5
"1496","San Luis Potosí",2001,"F","lesiones",18.6
"1497","Sinaloa",2001,"F","lesiones",21.9
"1498","Sonora",2001,"F","lesiones",23.1
"1499","Tabasco",2001,"F","lesiones",24.5
"1500","Tamaulipas",2001,"F","lesiones",20.5
"1501","Tlaxcala",2001,"F","lesiones",21
"1502","Veracruz",2001,"F","lesiones",19.8
"1503","Yucatán",2001,"F","lesiones",21.2
"1504","Zacatecas",2001,"F","lesiones",21.9
"1505","Aguascalientes",2002,"F","lesiones",29.2
"1506","Baja California",2002,"F","lesiones",28.8
"1507","Baja California Sur",2002,"F","lesiones",28.3
"1508","Campeche",2002,"F","lesiones",20.3
"1509","Coahuila",2002,"F","lesiones",23.3
"1510","Colima",2002,"F","lesiones",19.9
"1511","Chiapas",2002,"F","lesiones",22.2
"1512","Chihuahua",2002,"F","lesiones",33.9
"1513","Distrito Federal",2002,"F","lesiones",20.4
"1514","Durango",2002,"F","lesiones",24
"1515","Guanajuato",2002,"F","lesiones",22.8
"1516","Guerrero",2002,"F","lesiones",29.6
"1517","Hidalgo",2002,"F","lesiones",18.4
"1518","Jalisco",2002,"F","lesiones",26.1
"1519","México",2002,"F","lesiones",24.2
"1520","Michoacán",2002,"F","lesiones",29
"1521","Morelos",2002,"F","lesiones",18.3
"1522","Nayarit",2002,"F","lesiones",25.2
"1523","Nuevo León",2002,"F","lesiones",17.9
"1524","Oaxaca",2002,"F","lesiones",24.6
"1525","Puebla",2002,"F","lesiones",24.2
"1526","Querétaro",2002,"F","lesiones",27.1
"1527","Quintana Roo",2002,"F","lesiones",19.4
"1528","San Luis Potosí",2002,"F","lesiones",20.6
"1529","Sinaloa",2002,"F","lesiones",22
"1530","Sonora",2002,"F","lesiones",22.9
"1531","Tabasco",2002,"F","lesiones",20.8
"1532","Tamaulipas",2002,"F","lesiones",19.9
"1533","Tlaxcala",2002,"F","lesiones",27.8
"1534","Veracruz",2002,"F","lesiones",18.1
"1535","Yucatán",2002,"F","lesiones",18.4
"1536","Zacatecas",2002,"F","lesiones",28.3
"1537","Aguascalientes",2003,"F","lesiones",32.8
"1538","Baja California",2003,"F","lesiones",31.3
"1539","Baja California Sur",2003,"F","lesiones",25.1
"1540","Campeche",2003,"F","lesiones",18.7
"1541","Coahuila",2003,"F","lesiones",24.1
"1542","Colima",2003,"F","lesiones",30
"1543","Chiapas",2003,"F","lesiones",19.6
"1544","Chihuahua",2003,"F","lesiones",35.3
"1545","Distrito Federal",2003,"F","lesiones",21.4
"1546","Durango",2003,"F","lesiones",26.2
"1547","Guanajuato",2003,"F","lesiones",22.9
"1548","Guerrero",2003,"F","lesiones",26.6
"1549","Hidalgo",2003,"F","lesiones",21.7
"1550","Jalisco",2003,"F","lesiones",26.3
"1551","México",2003,"F","lesiones",22
"1552","Michoacán",2003,"F","lesiones",25.9
"1553","Morelos",2003,"F","lesiones",21
"1554","Nayarit",2003,"F","lesiones",29.5
"1555","Nuevo León",2003,"F","lesiones",18.3
"1556","Oaxaca",2003,"F","lesiones",25.1
"1557","Puebla",2003,"F","lesiones",22.9
"1558","Querétaro",2003,"F","lesiones",21.3
"1559","Quintana Roo",2003,"F","lesiones",26
"1560","San Luis Potosí",2003,"F","lesiones",19.4
"1561","Sinaloa",2003,"F","lesiones",20.6
"1562","Sonora",2003,"F","lesiones",21.5
"1563","Tabasco",2003,"F","lesiones",19.9
"1564","Tamaulipas",2003,"F","lesiones",17.1
"1565","Tlaxcala",2003,"F","lesiones",23.2
"1566","Veracruz",2003,"F","lesiones",18.3
"1567","Yucatán",2003,"F","lesiones",20.4
"1568","Zacatecas",2003,"F","lesiones",35.1
"1569","Aguascalientes",2004,"F","lesiones",23.6
"1570","Baja California",2004,"F","lesiones",31
"1571","Baja California Sur",2004,"F","lesiones",27.2
"1572","Campeche",2004,"F","lesiones",19.3
"1573","Coahuila",2004,"F","lesiones",21.5
"1574","Colima",2004,"F","lesiones",21.2
"1575","Chiapas",2004,"F","lesiones",18.5
"1576","Chihuahua",2004,"F","lesiones",31.2
"1577","Distrito Federal",2004,"F","lesiones",18.2
"1578","Durango",2004,"F","lesiones",24.8
"1579","Guanajuato",2004,"F","lesiones",22.9
"1580","Guerrero",2004,"F","lesiones",25.2
"1581","Hidalgo",2004,"F","lesiones",25.2
"1582","Jalisco",2004,"F","lesiones",24.3
"1583","México",2004,"F","lesiones",22.2
"1584","Michoacán",2004,"F","lesiones",27.4
"1585","Morelos",2004,"F","lesiones",23.2
"1586","Nayarit",2004,"F","lesiones",32.2
"1587","Nuevo León",2004,"F","lesiones",20.5
"1588","Oaxaca",2004,"F","lesiones",22.6
"1589","Puebla",2004,"F","lesiones",21.9
"1590","Querétaro",2004,"F","lesiones",24.1
"1591","Quintana Roo",2004,"F","lesiones",27.8
"1592","San Luis Potosí",2004,"F","lesiones",19.7
"1593","Sinaloa",2004,"F","lesiones",22.2
"1594","Sonora",2004,"F","lesiones",23.6
"1595","Tabasco",2004,"F","lesiones",23.7
"1596","Tamaulipas",2004,"F","lesiones",20.2
"1597","Tlaxcala",2004,"F","lesiones",26.4
"1598","Veracruz",2004,"F","lesiones",16.4
"1599","Yucatán",2004,"F","lesiones",15.9
"1600","Zacatecas",2004,"F","lesiones",27.8
"1601","Aguascalientes",2005,"F","lesiones",31.7
"1602","Baja California",2005,"F","lesiones",31.7
"1603","Baja California Sur",2005,"F","lesiones",36.7
"1604","Campeche",2005,"F","lesiones",22.4
"1605","Coahuila",2005,"F","lesiones",23.5
"1606","Colima",2005,"F","lesiones",24.3
"1607","Chiapas",2005,"F","lesiones",20.2
"1608","Chihuahua",2005,"F","lesiones",33.6
"1609","Distrito Federal",2005,"F","lesiones",20.7
"1610","Durango",2005,"F","lesiones",25.3
"1611","Guanajuato",2005,"F","lesiones",24.5
"1612","Guerrero",2005,"F","lesiones",21.1
"1613","Hidalgo",2005,"F","lesiones",22
"1614","Jalisco",2005,"F","lesiones",21.4
"1615","México",2005,"F","lesiones",22.8
"1616","Michoacán",2005,"F","lesiones",27.7
"1617","Morelos",2005,"F","lesiones",24
"1618","Nayarit",2005,"F","lesiones",25.6
"1619","Nuevo León",2005,"F","lesiones",21.6
"1620","Oaxaca",2005,"F","lesiones",24.7
"1621","Puebla",2005,"F","lesiones",23.5
"1622","Querétaro",2005,"F","lesiones",23.7
"1623","Quintana Roo",2005,"F","lesiones",27.8
"1624","San Luis Potosí",2005,"F","lesiones",20.1
"1625","Sinaloa",2005,"F","lesiones",24.3
"1626","Sonora",2005,"F","lesiones",24.4
"1627","Tabasco",2005,"F","lesiones",21.2
"1628","Tamaulipas",2005,"F","lesiones",21.7
"1629","Tlaxcala",2005,"F","lesiones",21.1
"1630","Veracruz",2005,"F","lesiones",17
"1631","Yucatán",2005,"F","lesiones",16.6
"1632","Zacatecas",2005,"F","lesiones",29
"1633","Aguascalientes",2006,"F","lesiones",24.2
"1634","Baja California",2006,"F","lesiones",29.3
"1635","Baja California Sur",2006,"F","lesiones",28.2
"1636","Campeche",2006,"F","lesiones",15.5
"1637","Coahuila",2006,"F","lesiones",21.3
"1638","Colima",2006,"F","lesiones",21.1
"1639","Chiapas",2006,"F","lesiones",24
"1640","Chihuahua",2006,"F","lesiones",36
"1641","Distrito Federal",2006,"F","lesiones",18.6
"1642","Durango",2006,"F","lesiones",28.1
"1643","Guanajuato",2006,"F","lesiones",20
"1644","Guerrero",2006,"F","lesiones",26.5
"1645","Hidalgo",2006,"F","lesiones",22
"1646","Jalisco",2006,"F","lesiones",24.6
"1647","México",2006,"F","lesiones",20.4
"1648","Michoacán",2006,"F","lesiones",27.6
"1649","Morelos",2006,"F","lesiones",22.1
"1650","Nayarit",2006,"F","lesiones",28.1
"1651","Nuevo León",2006,"F","lesiones",21.2
"1652","Oaxaca",2006,"F","lesiones",23.7
"1653","Puebla",2006,"F","lesiones",20.5
"1654","Querétaro",2006,"F","lesiones",23.4
"1655","Quintana Roo",2006,"F","lesiones",21.2
"1656","San Luis Potosí",2006,"F","lesiones",22.7
"1657","Sinaloa",2006,"F","lesiones",23.5
"1658","Sonora",2006,"F","lesiones",27.2
"1659","Tabasco",2006,"F","lesiones",26.4
"1660","Tamaulipas",2006,"F","lesiones",20.4
"1661","Tlaxcala",2006,"F","lesiones",24.1
"1662","Veracruz",2006,"F","lesiones",16.6
"1663","Yucatán",2006,"F","lesiones",18.4
"1664","Zacatecas",2006,"F","lesiones",25
"1665","Aguascalientes",2007,"F","lesiones",20.7
"1666","Baja California",2007,"F","lesiones",26.5
"1667","Baja California Sur",2007,"F","lesiones",35
"1668","Campeche",2007,"F","lesiones",19.2
"1669","Coahuila",2007,"F","lesiones",22.7
"1670","Colima",2007,"F","lesiones",26.2
"1671","Chiapas",2007,"F","lesiones",20.2
"1672","Chihuahua",2007,"F","lesiones",29.4
"1673","Distrito Federal",2007,"F","lesiones",17
"1674","Durango",2007,"F","lesiones",29.5
"1675","Guanajuato",2007,"F","lesiones",20.1
"1676","Guerrero",2007,"F","lesiones",29.3
"1677","Hidalgo",2007,"F","lesiones",24.2
"1678","Jalisco",2007,"F","lesiones",25.3
"1679","México",2007,"F","lesiones",21.7
"1680","Michoacán",2007,"F","lesiones",30.7
"1681","Morelos",2007,"F","lesiones",22.9
"1682","Nayarit",2007,"F","lesiones",27.2
"1683","Nuevo León",2007,"F","lesiones",19.3
"1684","Oaxaca",2007,"F","lesiones",21.6
"1685","Puebla",2007,"F","lesiones",20.8
"1686","Querétaro",2007,"F","lesiones",24.1
"1687","Quintana Roo",2007,"F","lesiones",28.6
"1688","San Luis Potosí",2007,"F","lesiones",23.5
"1689","Sinaloa",2007,"F","lesiones",24.6
"1690","Sonora",2007,"F","lesiones",28.8
"1691","Tabasco",2007,"F","lesiones",23.2
"1692","Tamaulipas",2007,"F","lesiones",21.3
"1693","Tlaxcala",2007,"F","lesiones",21.5
"1694","Veracruz",2007,"F","lesiones",16.8
"1695","Yucatán",2007,"F","lesiones",14.8
"1696","Zacatecas",2007,"F","lesiones",26.2
"1697","Aguascalientes",2008,"F","lesiones",24.5
"1698","Baja California",2008,"F","lesiones",28.7
"1699","Baja California Sur",2008,"F","lesiones",32.6
"1700","Campeche",2008,"F","lesiones",17.2
"1701","Coahuila",2008,"F","lesiones",22.1
"1702","Colima",2008,"F","lesiones",32.3
"1703","Chiapas",2008,"F","lesiones",18.5
"1704","Chihuahua",2008,"F","lesiones",40.1
"1705","Distrito Federal",2008,"F","lesiones",16.9
"1706","Durango",2008,"F","lesiones",33.4
"1707","Guanajuato",2008,"F","lesiones",22.4
"1708","Guerrero",2008,"F","lesiones",28.5
"1709","Hidalgo",2008,"F","lesiones",23.7
"1710","Jalisco",2008,"F","lesiones",25.8
"1711","México",2008,"F","lesiones",20.1
"1712","Michoacán",2008,"F","lesiones",31.5
"1713","Morelos",2008,"F","lesiones",21.5
"1714","Nayarit",2008,"F","lesiones",27.1
"1715","Nuevo León",2008,"F","lesiones",16.6
"1716","Oaxaca",2008,"F","lesiones",22.4
"1717","Puebla",2008,"F","lesiones",19.3
"1718","Querétaro",2008,"F","lesiones",19.9
"1719","Quintana Roo",2008,"F","lesiones",22.8
"1720","San Luis Potosí",2008,"F","lesiones",18.6
"1721","Sinaloa",2008,"F","lesiones",22.4
"1722","Sonora",2008,"F","lesiones",27.1
"1723","Tabasco",2008,"F","lesiones",24.2
"1724","Tamaulipas",2008,"F","lesiones",19.8
"1725","Tlaxcala",2008,"F","lesiones",24.3
"1726","Veracruz",2008,"F","lesiones",18.2
"1727","Yucatán",2008,"F","lesiones",16
"1728","Zacatecas",2008,"F","lesiones",28.5
